﻿Designator,Footprint,Quantity,Value,LCSC Part #
"C1, C10, C11, C12, C13, C15, C22, C23, C24, C25, C27, C28, C29, C3, C30, C31, C32, C33, C34",0603,19,0.1u,
"C14, C2, C26",0805,3,10u,
"C16, C18, C4, C6",0603,4,1.2n,
"C17, C19, C5, C7",0603,4,30n,
"C20, C8",0603,2,9.5n,
"C21, C9",0603,2,3.7n,
"C35, C36",0603,2,0.1uF,
D1,LED_D5.0mm,1,PD6,
D2,LED_D5.0mm,1,PD7,
"D3, D4",Testpoint_1x02_P2.54mm,2,1N914,
D5,LED_D5.0mm,1,POWER,
"H1, H2, H3, H4",MountingHole_4_40,4,~,
J1,24797741,1,2479774-1,
J2,ti_EKTM4C123GXL,1,EK-TM4C123GXL,
J3,STX3000,1,AudioJack,
"Q1, Q10, Q11, Q12, Q13, Q14, Q15, Q16, Q17, Q18, Q2, Q3, Q4, Q5, Q6, Q7, Q8, Q9",SOT-23,18,MMBF170,
"R1, R2",0603,2,5K1,
"R10, R12, R20, R21, R31, R33, R35, R36, R42, R43, R46, R5, R53, R54, R62, R64, R65, R67, R9",0603,19,10k,
"R100, R106",0603,2,125,
"R101, R107, R74, R76, R78, R80, R82, R85, R89",0603,9,100,
"R102, R108",0603,2,75,
"R103, R104, R105, R109, R11, R110, R111, R13, R22, R23, R24, R32, R44, R45, R55, R56, R57, R63",0603,18,2k,
"R14, R25, R47, R58",0603,4,184k,
"R15, R26, R48, R59",0603,4,68.8k,
"R16, R17, R28, R37, R49, R50, R60, R68",0603,8,40k,
"R18, R19, R30, R51, R52, R61",0603,6,30k,
"R27, R29, R6, R7, R8",0603,5,0,
R3,0603,1,1k,
"R34, R66",0603,2,7.5k,
"R38, R69",0603,2,3.3k,
"R39, R40, R70, R71",0603,4,200k,
R4,0603,1,47k,
"R41, R72",0603,2,50k,
"R73, R75, R77, R79, R81, R84, R88",0603,7,100k,
"R83, R86, R87, R90, R91, R92, R93, R94",P120PK-Y25BR10K,8,10k,
R95,0603,1,1.5k,
"R96, R97",0603,2,50,
"R98, R99",0603,2,1.5V,
SW1,SW-T3-1A-A-A3-S1,1,SW_SPST,
SW2,SW_PUSH_6mm,1,Pause,
SW3,SW_PUSH_6mm,1,LCDMode,
SW4,SW_PUSH_6mm,1,Flanger,
SW5,SW_PUSH_6mm,1,Distortion,
SW6,SW_PUSH_6mm,1,Reverb,
SW7,SW_PUSH_6mm,1,Delay,
SW8,SW_PUSH_6mm,1,Tempo,
"TP1, TP2",Testpoint_1x02_P2.54mm,2,+3V3,
TP10,Testpoint_1x02_P2.54mm,1,L_Treble,
TP11,Testpoint_1x02_P2.54mm,1,L_Mid,
TP12,Testpoint_1x02_P2.54mm,1,L_Bass,
TP13,Testpoint_1x02_P2.54mm,1,R_Out,
TP14,Testpoint_1x02_P2.54mm,1,L_Out,
"TP3, TP4",Testpoint_1x02_P2.54mm,2,GND,
TP5,Testpoint_1x02_P2.54mm,1,+VRail,
TP6,Testpoint_1x02_P2.54mm,1,+VRef,
TP7,Testpoint_1x02_P2.54mm,1,R_Treble,
TP8,Testpoint_1x02_P2.54mm,1,R_Mid,
TP9,Testpoint_1x02_P2.54mm,1,R_Bass,
U1,TO254P470X1028X1955-3P,1,LM2937ET-3.3_NOPB,
"U10, U11, U12, U13, U5, U6, U7, U8",DIP-8_W7.62mm_LongPads,8,OPA2350,
"U14, U9",DIP-8_W7.62mm_LongPads,2,TLV5616,
U15,adafruit_st7735r2,1,Adafruit ST7735R,
U2,ti_LM4041CILPR,1,LM4041CILPR,
U3,ESP32_30pin,1,ESP32-D0WD-V3,
U4,FT232R-Breakout,1,FT232R,
